,id,retweet_count,favorite_count
0,892420643555336193,8590,38805
1,892177421306343426,6312,33246
2,891815181378084864,4191,25041
3,891689557279858688,8708,42182
4,891327558926688256,9475,40341
5,891087950875897856,3135,20230
6,890971913173991426,2088,11863
7,890729181411237888,19041,65547
8,890609185150312448,4298,27778
9,890240255349198849,7473,31953
10,890006608113172480,7393,30665
11,889880896479866881,5006,27798
12,889665388333682689,10139,48138
13,889638837579907072,4578,27181
14,889531135344209921,2253,15100
15,889278841981685760,5473,25314
16,888917238123831296,4527,29094
17,888804989199671297,4380,25597
18,888554962724278272,3610,19918
19,888078434458587136,3523,21761
20,887705289381826560,5436,30205
21,887517139158093824,11749,46243
22,887473957103951883,18376,69153
23,887343217045368832,10482,33700
24,887101392804085760,6003,30551
25,886983233522544640,7828,35164
26,886736880519319552,3322,12082
27,886680336477933568,4504,22441
28,886366144734445568,3219,21207
29,886267009285017600,4,116
30,886258384151887873,6335,27997
31,886054160059072513,104,0
32,885984800019947520,6864,32717
33,885528943205470208,6486,36015
34,885518971528720385,3786,20428
35,885311592912609280,18719,0
36,885167619883638784,4414,21956
37,884925521741709313,18593,77552
38,884876753390489601,5834,27952
39,884562892145688576,4906,24308
40,884441805382717440,5697,26994
41,884247878851493888,20609,73064
42,884162670584377345,3010,20396
43,883838122936631299,3476,21914
44,883482846933004288,10042,45986
45,883360690899218434,3712,22570
46,883117836046086144,6730,37241
47,882992080364220416,3955,23962
48,882762694511734784,4964,28333
49,882627270321602560,6148,27903
50,882268110199369728,11710,45004
51,882045870035918850,5032,29374
52,881906580714921986,3424,24308
53,881666595344535552,10775,50587
54,881633300179243008,7,128
55,881536004380872706,16136,49483
56,881268444196462592,5201,23084
57,880935762899988482,2801,17011
58,880872448815771648,3857,21315
59,880465832366813184,6350,28547
60,880221127280381952,4273,27099
61,880095782870896641,4401,27649
62,879862464715927552,3531,22320
63,879674319642796034,10,313
64,879492040517615616,3218,23426
65,879415818425184262,44614,105989
66,879376492567855104,3151,16785
67,879130579576475649,6916,0
68,879050749262655488,4767,22618
69,879008229531029506,2722,18978
70,878776093423087618,4166,19383
71,878604707211726852,7321,30320
72,878404777348136964,1309,0
73,878316110768087041,6725,0
74,878281511006478336,1309,7762
75,878057613040115712,6916,42093
76,877736472329191424,19384,79986
77,877611172832227328,81,0
78,877556246731214848,3870,22788
79,877316821321428993,5233,27391
80,877201837425926144,5666,27184
81,876838120628539392,3408,20706
82,876537666061221889,4665,23474
83,876484053909872640,2433,18801
84,876120275196170240,4754,27973
85,875747767867523072,4354,25251
86,875144289856114688,4991,21963
87,875097192612077568,6123,27477
88,875021211251597312,4781,25539
89,874680097055178752,4709,27917
90,874434818259525634,14977,0
91,874296783580663808,4178,26133
92,874057562936811520,4014,22720
93,874012996292530176,10631,34802
94,873580283840344065,4013,24345
95,873337748698140672,1613,0
96,873213775632977920,1613,7291
97,872967104147763200,5496,27501
98,872820683541237760,3760,14780
99,872668790621863937,28,0
100,872620804844003328,3773,20886
101,872486979161796608,9176,40900
102,872261713294495745,6452,34428
103,872122724285648897,8283,34651
104,871879754684805121,11447,38280
105,871762521631449091,3546,20385
106,871515927908634625,3524,20349
107,871166179821445120,5809,0
108,871102520638267392,5606,21060
109,871032628920680449,3886,22824
110,870804317367881728,6362,33900
111,870726314365509632,3,120
112,870656317836468226,2708,12543
113,870374049280663552,26874,83409
114,870308999962521604,4255,22013
115,870063196459192321,8569,37025
116,869772420881756160,10313,42838
117,869702957897576449,6496,28559
118,869596645499047938,3218,16163
119,869227993411051520,3900,20665
120,868880397819494401,14933,66453
121,868639477480148993,2159,0
122,868622495443632128,5935,27591
123,868552278524837888,2159,10305
124,867900495410671616,4298,24498
125,867774946302451713,7549,34476
126,867421006826221569,2593,16395
127,867072653475098625,131,0
128,867051520902168576,8135,32767
129,866720684873056260,4989,20434
130,866686824827068416,3607,19675
131,866450705531457537,36443,124429
132,866334964761202691,14977,53548
133,866094527597207552,8671,0
134,865718153858494464,5802,26068
135,865359393868664832,5182,26984
136,865006731092295680,7944,28536
137,864873206498414592,9042,32949
138,864279568663928832,3160,14912
139,864197398364647424,9292,30813
140,863907417377173506,4298,21047
141,863553081350529029,4339,15604
142,863471782782697472,2575,0
143,863432100342583297,5481,24315
144,863427515083354112,101,2312
145,863079547188785154,1145,8956
146,863062471531167744,2575,8732
147,862831371563274240,5284,19616
148,862722525377298433,3685,17470
149,862457590147678208,5173,21031
150,862096992088072192,24299,76388
151,861383897657036800,11153,36934
152,861288531465048066,4344,17616
153,861005113778896900,3979,17144
154,860981674716409858,2256,0
155,860924035999428608,854,0
156,860563773140209665,2256,7701
157,860524505164394496,5514,24218
158,860276583193509888,3630,18773
159,860184849394610176,6111,17126
160,860177593139703809,32347,0
161,859924526012018688,4290,20042
162,859851578198683649,3664,15808
163,859607811541651456,1649,19093
164,859196978902773760,31726,92453
165,859074603037188101,14267,34864
166,858860390427611136,8533,0
167,858843525470990336,3645,15987
168,858471635011153920,5085,22143
169,858107933456039936,3055,16197
170,857989990357356544,2715,16594
171,857746408056729600,11153,35299
172,857393404942143489,1718,6103
173,857263160327368704,4767,20629
174,857214891891077121,20,236
175,857062103051644929,179,0
176,857029823797047296,4216,19518
177,856602993587888130,11287,0
178,856543823941562368,3040,16809
179,856526610513747968,1987,12207
180,856330835276025856,714,0
181,856288084350160898,17,533
182,856282028240666624,6673,28582
183,855862651834028034,28,360
184,855860136149123072,1097,5131
185,855857698524602368,2241,12231
186,855851453814013952,18699,46965
187,855818117272018944,5766,27520
188,855459453768019968,8725,31026
189,855245323840757760,6338,0
190,855138241867124737,49,0
191,854732716440526848,6490,23706
192,854482394044301312,7325,30459
193,854365224396361728,4996,19642
194,854120357044912130,7980,33210
195,854010172552949760,3347,16834
196,853760880890318849,6191,29787
197,853639147608842240,10853,36400
198,853299958564483072,3809,16201
199,852936405516943360,2167,0
200,852912242202992640,1972,9445
201,852672615818899456,2304,15603
202,852553447878664193,3761,17117
203,852311364735569921,10616,34670
204,852226086759018497,7325,20927
205,852189679701164033,1694,11987
206,851953902622658560,10367,0
207,851861385021730816,23,0
208,851591660324737024,3720,16981
209,851464819735769094,7602,25427
210,851224888060895234,6162,21681
211,850753642995093505,10017,32603
212,850380195714523136,2812,13707
213,850333567704068097,360,3587
214,850145622816686080,4122,17160
215,850019790995546112,5287,21513
216,849776966551130114,8211,32045
217,849668094696017920,5361,0
218,849412302885593088,3385,16702
219,849336543269576704,2044,12035
220,849051919805034497,9218,44703
221,848690551926992896,4673,26556
222,848324959059550208,4972,26102
223,848213670039564288,809,8620
224,848212111729840128,3335,17249
225,847978865427394560,3530,0
226,847971574464610304,465,0
227,847962785489326080,5546,24782
228,847842811428974592,1463,5796
229,847617282490613760,456,7405
230,847606175596138505,3668,19795
231,847251039262605312,4649,21571
232,847157206088847362,6353,21109
233,847116187444137987,3459,22638
234,846874817362120707,4264,21236
235,846514051647705089,12615,47284
236,846505985330044928,3364,14971
237,846153765933735936,9851,33595
238,846139713627017216,10689,32636
239,846042936437604353,3135,16921
240,845812042753855489,9517,31029
241,845677943972139009,5203,26596
242,845397057150107648,1986,8083
243,845306882940190720,5866,24723
244,845098359547420673,8372,0
245,844979544864018432,2823,14457
246,844973813909606400,3503,16044
247,844704788403113984,11287,41101
248,844580511645339650,3422,17476
249,844223788422217728,2390,14455
250,843981021012017153,3185,16019
251,843856843873095681,5046,22716
252,843604394117681152,2989,17924
253,843235543001513987,6612,22831
254,842846295480000512,3911,16152
255,842765311967449089,1398,7167
256,842535590457499648,3820,19220
257,842163532590374912,6338,26051
258,842115215311396866,3303,14906
259,841833993020538882,16861,0
260,841680585030541313,8480,27257
261,841439858740625411,4023,13444
262,841320156043304961,5935,21013
263,841314665196081154,5151,16923
264,841077006473256960,5809,24405
265,840761248237133825,1926,0
266,840728873075638272,17786,0
267,840698636975636481,3,192
268,840696689258311684,1082,13113
269,840632337062862849,1926,9575
270,840370681858686976,5005,17550
271,840268004936019968,6289,20547
272,839990271299457024,2523,14322
273,839549326359670784,8533,29368
274,839290600511926273,155,0
275,839239871831150596,7195,29028
276,838952994649550848,4377,20944
277,838921590096166913,2282,11928
278,838916489579200512,37,0
279,838831947270979586,12186,0
280,838561493054533637,1460,11648
281,838476387338051585,5301,24160
282,838201503651401729,11133,0
283,838150277551247360,358,1793
284,838085839343206401,0,148
285,838083903487373313,3463,18826
286,837820167694528512,8671,36541
287,837482249356513284,487,4109
288,837471256429613056,2546,13694
289,837366284874571778,5828,22588
290,837110210464448512,2640,17111
291,836989968035819520,2530,13614
292,836753516572119041,5083,20575
293,836677758902222849,2448,13484
294,836648853927522308,607,0
295,836397794269200385,30404,0
296,836380477523124226,3239,15739
297,836260088725786625,4725,22719
298,836001077879255040,4745,20462
299,835685285446955009,9032,0
300,835574547218894849,4001,19055
301,835536468978302976,1876,0
302,835309094223372289,23231,0
303,835297930240217089,3299,17536
304,835264098648616962,1876,8315
305,835246439529840640,81,2232
306,835172783151792128,6343,27970
307,835152434251116546,3342,24065
308,834931633769889797,1822,11603
309,834786237630337024,6024,22604
310,834574053763584002,2805,14694
311,834477809192075265,11788,0
312,834458053273591808,1849,10289
313,834209720923721728,5296,22094
314,834167344700198914,4011,16873
315,834089966724603904,2353,10770
316,834086379323871233,2448,13989
317,833863086058651648,2659,14366
318,833826103416520705,3799,16439
319,833732339549220864,241,0
320,833722901757046785,3540,22159
321,833479644947025920,2282,15950
322,833124694597443584,5361,21678
323,832998151111966721,2452,14279
324,832769181346996225,42,0
325,832757312314028032,4009,18048
326,832682457690300417,3261,12742
327,832645525019123713,576,3135
328,832636094638288896,3099,17020
329,832397543355072512,2470,12841
330,832369877331693569,3530,18407
331,832273440279240704,2587,12136
332,832215909146226688,6856,0
333,832215726631055365,10378,0
334,832088576586297345,2,72
335,832040443403784192,10787,0
336,832032802820481025,5170,19202
337,831939777352105988,6817,25795
338,831926988323639298,36,366
339,831911600680497154,7236,29716
340,831670449226514432,2011,11222
341,831650051525054464,2167,7725
342,831552930092285952,2553,9687
343,831322785565769729,1691,9853
344,831315979191906304,1233,6988
345,831309418084069378,2704,12574
346,831262627380748289,2278,12807
347,830956169170665475,1670,8574
348,830583320585068544,18719,71971
349,830173239259324417,6335,0
350,830097400375152640,3346,10575
351,829878982036299777,5574,0
352,829861396166877184,2183,13170
353,829501995190984704,11788,34160
354,829449946868879360,2259,11281
355,829374341691346946,10367,37306
356,829141528400556032,8244,26398
357,829011960981237760,18049,57040
358,828801551087042563,3781,0
359,828770345708580865,6533,27520
360,828708714936930305,12483,39439
361,828650029636317184,1493,10251
362,828409743546925057,1275,6764
363,828408677031882754,1423,8235
364,828381636999917570,2470,13606
365,828376505180889089,1185,7969
366,828372645993398273,3254,13500
367,828361771580813312,191,2360
368,828046555563323392,3179,12684
369,828011680017821696,2383,11156
370,827933404142436356,5815,21724
371,827653905312006145,3343,16661
372,827600520311402496,1052,8002
373,827324948884643840,3406,17138
374,827199976799354881,2498,11417
375,826958653328592898,5574,23310
376,826848821049180160,11445,39414
377,826615380357632002,4388,0
378,826598799820865537,283,5526
379,826598365270007810,2614,10872
380,826476773533745153,4679,19882
381,826240494070030336,2888,14314
382,826204788643753985,1049,5261
383,826115272272650244,3488,16931
384,825876512159186944,2088,11294
385,825829644528148480,2776,13752
386,825535076884762624,19194,56201
387,825147591692263424,5108,19779
388,825120256414846976,1439,0
389,825026590719483904,1439,6875
390,824796380199809024,6121,0
391,824775126675836928,3938,16194
392,824663926340194305,1942,10888
393,824325613288833024,11591,12735
394,824297048279236611,4314,16251
395,824025158776213504,665,5164
396,823939628516474880,3027,11518
397,823719002937630720,12590,0
398,823699002998870016,2697,13595
399,823581115634085888,2959,14099
400,823333489516937216,29,758
401,823322678127919110,4505,17050
402,823269594223824897,11025,0
403,822975315408461824,3848,18742
404,822872901745569793,49134,143411
405,822859134160621569,2551,14286
406,822647212903690241,7167,0
407,822610361945911296,3314,15986
408,822489057087389700,7167,19655
409,822462944365645825,16535,30997
410,822244816520155136,11025,37990
411,822163064745328640,5397,0
412,821886076407029760,2624,12325
413,821813639212650496,3741,0
414,821765923262631936,1862,9141
415,821522889702862852,1974,8689
416,821421320206483457,6258,0
417,821407182352777218,4885,12793
418,821153421864615936,10,276
419,821149554670182400,2256,9479
420,821107785811234820,2384,10419
421,821044531881721856,2563,13708
422,820837357901512704,7501,0
423,820749716845686786,11133,34256
424,820690176645140481,3618,13248
425,820494788566847489,633,0
426,820446719150292993,2894,0
427,820314633777061888,633,3617
428,820078625395449857,7034,21472
429,820013781606658049,1323,0
430,819952236453363712,1323,5780
431,819924195358416896,5427,13973
432,819711362133872643,3512,14598
433,819588359383371776,2208,10379
434,819347104292290561,1347,7844
435,819238181065359361,453,2490
436,819227688460238848,7501,25083
437,819015337530290176,41024,0
438,819015331746349057,21160,0
439,819006400881917954,21160,48974
440,819004803107983360,41024,93709
441,818646164899774465,23382,0
442,818627210458333184,8347,24113
443,818614493328580609,2895,10724
444,818588835076603904,6912,0
445,818536468981415936,2782,11867
446,818307523543449600,9106,0
447,818259473185828864,2558,11963
448,818145370475810820,2916,13366
449,817908911860748288,886,5254
450,817827839487737858,30404,56396
451,817777686764523521,2991,11624
452,817536400337801217,3400,12829
453,817502432452313088,3808,0
454,817423860136083457,16861,37275
455,817415592588222464,1079,6116
456,817181837579653120,9557,0
457,817171292965273600,2256,9483
458,817120970343411712,2938,13199
459,817056546584727552,1854,9316
460,816829038950027264,5308,0
461,816816676327063552,2291,10875
462,816697700272001025,2470,10659
463,816450570814898180,9106,33273
464,816336735214911488,2195,9360
465,816091915477250048,2417,9703
466,816062466425819140,1176,0
467,816014286006976512,5970,0
468,815990720817401858,1176,5435
469,815966073409433600,9557,24481
470,815745968457060357,4637,0
471,815736392542261248,2549,10707
472,815639385530101762,1849,8954
473,815390420867969024,4269,11244
474,814986499976527872,1455,8316
475,814638523311648768,3043,12277
476,814578408554463233,6546,0
477,814530161257443328,2084,9442
478,814153002265309185,9768,31304
479,813944609378369540,3627,0
480,813910438903693312,2115,10117
481,813812741911748608,15763,39577
482,813800681631023104,1983,9093
483,813217897535406080,8199,20350
484,813202720496779264,2022,9982
485,813187593374461952,4912,21620
486,813172488309972993,2164,10181
487,813157409116065792,2490,8437
488,813142292504645637,2653,9161
489,813130366689148928,497,4860
490,813127251579564032,3522,12926
491,813112105746448384,3103,11256
492,813096984823349248,4071,11456
493,813081950185472002,3116,10766
494,813066809284972545,2184,8657
495,813051746834595840,8234,22826
496,812781120811126785,2146,8240
497,812747805718642688,7819,0
498,812709060537683968,1609,7218
499,812503143955202048,1378,6635
500,812466873996607488,2167,8716
501,812372279581671427,4129,14922
502,811985624773361665,1587,7926
503,811744202451197953,1817,8235
504,811647686436880384,836,6080
505,811627233043480576,3531,13974
506,811386762094317568,7204,22804
507,810984652412424192,1608,5823
508,810896069567610880,2011,9860
509,810657578271330305,2971,11962
510,810284430598270976,12897,38734
511,810254108431155201,3781,16020
512,809920764300447744,4388,16897
513,809808892968534016,5532,0
514,809448704142938112,1656,7561
515,809220051211603969,6335,21760
516,809084759137812480,3951,14403
517,808838249661788160,3423,11021
518,808733504066486276,2440,8619
519,808501579447930884,2918,12318
520,808344865868283904,23382,46381
521,808134635716833280,6723,0
522,808106460588765185,2457,9510
523,808001312164028416,3976,13728
524,807621403335917568,4149,15924
525,807106840509214720,61105,123015
526,807059379405148160,8280,0
527,807010152071229440,4296,14221
528,806629075125202948,39438,82168
529,806620845233815552,6217,0
530,806576416489959424,2178,5280
531,806542213899489280,2673,11139
532,806242860592926720,13194,0
533,806219024703037440,1350,6999
534,805958939288408065,6053,0
535,805932879469572096,2140,9021
536,805826884734976000,2064,7180
537,805823200554876929,9095,0
538,805520635690676224,1866,6257
539,805487436403003392,2852,9561
540,805207613751304193,1915,8493
541,804738756058218496,4344,15001
542,804475857670639616,2269,6720
543,804413760345620481,3627,0
544,804026241225523202,18285,48733
545,803773340896923648,3124,10977
546,803692223237865472,8392,0
547,803638050916102144,4682,12006
548,803380650405482500,2095,8460
549,803321560782307329,6025,0
550,803276597545603072,2785,10961
551,802952499103731712,2262,9855
552,802624713319034886,3296,0
553,802600418706604034,1656,7776
554,802572683846291456,2827,9768
555,802323869084381190,6596,17763
556,802265048156610565,1529,6922
557,802239329049477120,2936,9906
558,802185808107208704,303,0
559,801958328846974976,1927,8434
560,801854953262350336,263,1920
561,801538201127157760,2322,8949
562,801285448605831168,936,6626
563,801167903437357056,6723,26811
564,801127390143516673,4489,0
565,801115127852503040,2356,8819
566,800859414831898624,108,755
567,800855607700029440,1837,0
568,800751577355128832,3123,11460
569,800513324630806528,3393,14373
570,800459316964663297,2423,10323
571,800443802682937345,4889,0
572,800388270626521089,3154,12192
573,800188575492947969,4443,0
574,800141422401830912,2894,16718
575,800018252395122689,14886,31056
576,799774291445383169,5302,0
577,799757965289017345,2439,9186
578,799422933579902976,2155,8789
579,799308762079035393,6259,0
580,799297110730567681,3134,10841
581,799063482566066176,2779,8842
582,798933969379225600,5060,14400
583,798925684722855936,1619,8106
584,798705661114773508,7479,0
585,798701998996647937,8831,0
586,798697898615730177,7351,0
587,798694562394996736,5621,0
588,798686750113755136,2620,0
589,798682547630837760,5348,0
590,798673117451325440,6271,0
591,798665375516884993,4390,0
592,798644042770751489,2089,0
593,798628517273620480,2215,0
594,798585098161549313,6454,0
595,798576900688019456,6656,0
596,798340744599797760,3799,0
597,798209839306514432,2875,11339
598,797971864723324932,3551,12744
599,797545162159308800,5467,15878
600,797236660651966464,7480,21873
601,797165961484890113,32,251
602,796904159865868288,10067,0
603,796865951799083009,2142,8387
604,796759840936919040,3456,12982
605,796563435802726400,8269,0
606,796484825502875648,1990,8294
607,796387464403357696,4700,12059
608,796177847564038144,16164,0
609,796149749086875649,16164,35415
610,796125600683540480,2015,5413
611,796116448414461957,2734,9930
612,796080075804475393,2613,9240
613,796031486298386433,4170,11813
614,795464331001561088,26899,54543
615,795400264262053889,3236,11047
616,795076730285391872,6121,17762
617,794983741416415232,3810,0
618,794926597468000259,2614,11241
619,794355576146903043,11628,0
620,794332329137291264,2986,10448
621,794205286408003585,3752,10074
622,793962221541933056,5532,18437
623,793845145112371200,2118,10067
624,793614319594401792,3528,0
625,793601777308463104,1847,8718
626,793500921481273345,2690,11703
627,793286476301799424,10378,26950
628,793271401113350145,2661,9440
629,793256262322548741,9401,21857
630,793241302385262592,3706,11528
631,793226087023144960,3227,10760
632,793210959003287553,3182,9769
633,793195938047070209,6339,16712
634,793180763617361921,2239,7566
635,793165685325201412,3142,10279
636,793150605191548928,1930,6749
637,793135492858580992,2801,7056
638,793120401413079041,4397,13875
639,792913359805018113,4539,15708
640,792883833364439040,4823,12377
641,792773781206999040,1897,8032
642,792394556390137856,4843,14770
643,792050063153438720,2027,7859
644,791821351946420224,23726,0
645,791784077045166082,10912,0
646,791780927877898241,4284,0
647,791774931465953280,25089,49337
648,791672322847637504,3528,12848
649,791406955684368384,4637,14371
650,791312159183634433,2863,9617
651,791026214425268224,4662,0
652,790987426131050500,2412,10835
653,790946055508652032,5308,18177
654,790723298204217344,2617,0
655,790698755171364864,2149,8980
656,790581949425475584,8077,22630
657,790337589677002753,2106,8559
658,790277117346975746,3627,13738
659,790227638568808452,4044,0
660,789986466051088384,2617,10135
661,789960241177853952,4691,0
662,789903600034189313,4670,11382
663,789628658055020548,2008,8250
664,789599242079838210,2180,7427
665,789530877013393408,3810,12864
666,789314372632018944,2600,9417
667,789280767834746880,5589,0
668,789268448748703744,2922,9974
669,789137962068021249,3148,10623
670,788908386943430656,13988,29959
671,788765914992902144,11628,30002
672,788552643979468800,8153,0
673,788412144018661376,5980,17065
674,788178268662984705,2398,7911
675,788150585577050112,1469,6727
676,788070120937619456,3846,0
677,788039637453406209,1493,6710
678,787810552592695296,3438,9488
679,787717603741622272,3133,11165
680,787397959788929025,3192,11851
681,787322443945877504,1971,8526
682,787111942498508800,7556,0
683,786963064373534720,9032,29047
684,786729988674449408,2732,0
685,786709082849828864,6856,19883
686,786664955043049472,2897,11675
687,786595970293370880,3499,10278
688,786363235746385920,3952,11925
689,786286427768250368,3235,8726
690,786233965241827333,5397,16756
691,786051337297522688,174,1573
692,786036967502913536,7965,0
693,785927819176054784,3554,12431
694,785872687017132033,2062,7303
695,785639753186217984,2493,8536
696,785533386513321988,2268,9968
697,785515384317313025,1426,6662
698,785264754247995392,1849,7945
699,785170936622350336,5485,13224
700,784826020293709826,3627,11091
701,784517518371221505,2860,9806
702,784431430411685888,1443,6206
703,784183165795655680,9095,21980
704,784057939640352768,12590,32660
705,783839966405230592,12186,32859
706,783821107061198850,2216,8040
707,783695101801398276,3620,11391
708,783466772167098368,2538,9246
709,783391753726550016,6210,18458
710,783347506784731136,6321,0
711,783334639985389568,13194,31937
712,783085703974514689,2494,8889
713,782969140009107456,8280,26359
714,782747134529531904,1567,8143
715,782722598790725632,6053,18833
716,782598640137187329,2116,8507
717,782305867769217024,6258,18202
718,782021823840026624,7020,0
719,781955203444699136,3784,12099
720,781661882474196992,3045,11393
721,781655249211752448,1256,4362
722,781524693396357120,6217,22632
723,781308096455073793,2863,7780
724,781251288990355457,2365,9212
725,781163403222056960,3064,10650
726,780931614150983680,8269,23597
727,780858289093574656,2241,7832
728,780800785462489090,1459,6014
729,780601303617732608,3741,13188
730,780543529827336192,1953,6873
731,780496263422808064,4178,0
732,780476555013349377,133,0
733,780459368902959104,1193,5761
734,780192070812196864,2520,9501
735,780092040432480260,2581,0
736,780074436359819264,5614,13369
737,779834332596887552,7965,20755
738,779377524342161408,3503,9629
739,779124354206535695,20668,0
740,779123168116150273,4092,12863
741,779056095788752897,5082,16130
742,778990705243029504,8183,21816
743,778774459159379968,11184,0
744,778764940568104960,410,933
745,778748913645780993,1501,7521
746,778650543019483137,1680,6295
747,778624900596654080,1137,5061
748,778408200802557953,4881,14854
749,778396591732486144,13746,0
750,778383385161035776,1231,6367
751,778286810187399168,3715,11302
752,778039087836069888,2964,9223
753,778027034220126208,1825,7140
754,777953400541634568,3955,0
755,777885040357281792,1842,6912
756,777684233540206592,3296,12233
757,777641927919427584,4783,0
758,777621514455814149,2798,9531
759,777189768882946048,4845,15583
760,776819012571455488,15377,0
761,776813020089548800,1357,5313
762,776477788987613185,3147,9653
763,776249906839351296,10288,0
764,776218204058357768,17919,32658
765,776201521193218049,2823,10445
766,776113305656188928,4889,12790
767,776088319444877312,171,1999
768,775898661951791106,17339,0
769,775842724423557120,3009,12739
770,775733305207554048,4489,15061
771,775729183532220416,5131,14054
772,775364825476165632,3349,8091
773,775350846108426240,4392,11048
774,775085132600442880,5302,16920
775,774757898236878852,1977,9283
776,774639387460112384,1950,7302
777,774314403806253056,6259,23659
778,773985732834758656,4350,11683
779,773922284943896577,1933,6940
780,773704687002451968,1834,7162
781,773670353721753600,1450,5785
782,773547596996571136,6912,23978
783,773336787167145985,5716,0
784,773308824254029826,8372,25240
785,773247561583001600,3585,10191
786,773191612633579521,4597,10857
787,772877495989305348,4353,9333
788,772826264096874500,2602,8669
789,772615324260794368,3767,0
790,772581559778025472,1897,7029
791,772193107915964416,1550,6525
792,772152991789019136,1259,4097
793,772117678702071809,818,4069
794,772114945936949249,527,2937
795,772102971039580160,1034,4349
796,771908950375665664,2117,7134
797,771770456517009408,3799,13045
798,771500966810099713,2928,8971
799,771380798096281600,5716,11445
800,771171053431250945,8447,0
801,771136648247640064,3262,9976
802,771102124360998913,1605,6743
803,771014301343748096,1847,7461
804,771004394259247104,246,0
805,770787852854652928,1367,5380
806,770772759874076672,1580,5630
807,770743923962707968,50882,0
808,770655142660169732,1949,7950
809,770414278348247044,2305,6832
810,770293558247038976,1664,6760
811,770093767776997377,3394,0
812,770069151037685760,2571,8226
813,769940425801170949,10787,34161
814,769695466921623552,1860,6938
815,769335591808995329,8579,0
816,769212283578875904,1916,5860
817,768970937022709760,7314,15641
818,768909767477751808,3024,0
819,768855141948723200,1002,4557
820,768609597686943744,1348,4472
821,768596291618299904,1424,5459
822,768554158521745409,6505,0
823,768473857036525572,3828,14756
824,768193404517830656,3955,11834
825,767884188863397888,1573,5162
826,767754930266464257,6025,17402
827,767500508068192258,2603,8119
828,767191397493538821,4266,13319
829,767122157629476866,3178,10964
830,766864461642756096,6320,0
831,766793450729734144,1518,5512
832,766714921925144576,428,2811
833,766693177336135680,881,4377
834,766423258543644672,1774,6534
835,766313316352462849,2105,7345
836,766078092750233600,2887,0
837,766069199026450432,974,4643
838,766008592277377025,554,4046
839,765719909049503744,2400,7834
840,765669560888528897,1360,5624
841,765395769549590528,3775,28559
842,765371061932261376,2401,7683
843,765222098633691136,3767,12601
844,764857477905154048,1966,6944
845,764259802650378240,1695,6565
846,763956972077010945,59,796
847,763837565564780549,4662,13687
848,763183847194451968,1652,5872
849,763167063695355904,3374,0
850,763103485927849985,2532,7966
851,762699858130116608,4044,13200
852,762471784394268675,7267,12245
853,762464539388485633,4691,11218
854,762316489655476224,1256,5225
855,762035686371364864,17395,34655
856,761976711479193600,2247,5857
857,761750502866649088,4393,0
858,761745352076779520,951,4609
859,761672994376806400,32347,53636
860,761599872357261312,1308,4473
861,761371037149827077,19924,0
862,761334018830917632,1610,5649
863,761292947749015552,1228,4832
864,761227390836215808,1720,5765
865,761004547850530816,3846,12201
866,760893934457552897,1077,4134
867,760656994973933572,2138,7150
868,760641137271070720,1436,5361
869,760539183865880579,4036,8206
870,760521673607086080,1553,4576
871,760290219849637889,12768,28991
872,760252756032651264,958,4261
873,760190180481531904,2012,6179
874,760153949710192640,37,0
875,759943073749200896,2322,6432
876,759923798737051648,6320,15900
877,759846353224826880,2207,7268
878,759793422261743616,2120,6460
879,759566828574212096,23540,0
880,759557299618865152,1304,5083
881,759447681597108224,2732,9212
882,759446261539934208,545,1810
883,759197388317847553,2157,6557
884,759159934323924993,1304,0
885,759099523532779520,4656,15736
886,759047813560868866,2239,7052
887,758854675097526272,993,3836
888,758828659922702336,4245,12089
889,758740312047005698,1775,6188
890,758474966123810816,1098,4130
891,758467244762497024,2469,5198
892,758405701903519748,2132,5621
893,758355060040593408,1205,3711
894,758099635764359168,11184,20792
895,758041019896193024,421,2932
896,757741869644341248,3602,7447
897,757729163776290825,9029,0
898,757725642876129280,1355,4910
899,757611664640446465,1238,4922
900,757597904299253760,322,0
901,757596066325864448,1176,4707
902,757400162377592832,7563,16390
903,757393109802180609,1935,6310
904,757354760399941633,1583,4882
905,756998049151549440,2206,6770
906,756939218950160384,2225,7184
907,756651752796094464,1468,5484
908,756526248105566208,4020,11253
909,756303284449767430,1198,4269
910,756288534030475264,19385,45951
911,756275833623502848,1698,6959
912,755955933503782912,3194,7933
913,755206590534418437,5958,17786
914,755110668769038337,12283,22925
915,754874841593970688,8904,0
916,754856583969079297,2790,7425
917,754747087846248448,578,2785
918,754482103782404096,2154,5728
919,754449512966619136,816,4055
920,754120377874386944,2583,8466
921,754011816964026368,3988,9507
922,753655901052166144,2421,6320
923,753420520834629632,3953,8551
924,753398408988139520,2120,6248
925,753375668877008896,2581,8222
926,753298634498793472,6402,0
927,753294487569522689,1155,3679
928,753039830821511168,23231,40105
929,753026973505581056,1079,4205
930,752932432744185856,7556,13643
931,752917284578922496,1739,7424
932,752701944171524096,3191,0
933,752682090207055872,1786,6485
934,752660715232722944,1744,4766
935,752568224206688256,2533,5997
936,752519690950500352,3807,7963
937,752334515931054080,1222,4126
938,752309394570878976,18475,0
939,752173152931807232,2050,6426
940,751950017322246144,1030,3328
941,751937170840121344,1485,5632
942,751830394383790080,2166,6262
943,751793661361422336,3234,6328
944,751598357617971201,3346,8517
945,751583847268179968,1236,4760
946,751538714308972544,1402,5433
947,751456908746354688,1095,3457
948,751251247299190784,6505,13503
949,751205363882532864,2022,6803
950,751132876104687617,1441,5488
951,750868782890057730,1542,5175
952,750719632563142656,5589,14271
953,750506206503038976,1272,4809
954,750429297815552001,4782,14224
955,750383411068534784,1257,4895
956,750381685133418496,35,740
957,750147208377409536,1068,3336
958,750132105863102464,1398,3906
959,750117059602808832,1434,4654
960,750101899009982464,931,3280
961,750086836815486976,600,2338
962,750071704093859840,3696,8451
963,750056684286914561,983,3372
964,750041628174217216,685,3422
965,750026558547456000,871,2922
966,750011400160841729,1005,3494
967,749996283729883136,891,3263
968,749981277374128128,2709,5510
969,749774190421639168,1448,5014
970,749417653287129088,1848,6578
971,749403093750648834,604,2831
972,749395845976588288,3833,9267
973,749317047558017024,2448,5914
974,749075273010798592,2291,6216
975,749064354620928000,1674,5160
976,749036806121881602,862,3340
977,748977405889503236,3768,11563
978,748932637671223296,2486,6306
979,748705597323898880,1041,2975
980,748699167502000129,1767,5098
981,748692773788876800,1470,4562
982,748575535303884801,2202,6544
983,748568946752774144,745,2348
984,748346686624440324,1367,5614
985,748337862848962560,4561,8265
986,748324050481647620,844,3990
987,748307329658011649,792,3954
988,748220828303695873,8595,15205
989,747963614829678593,2378,6243
990,747933425676525569,2814,7134
991,747885874273214464,1093,3174
992,747844099428986880,823,3017
993,747816857231626240,1284,5227
994,747651430853525504,174,1483
995,747648653817413632,6443,13868
996,747600769478692864,601,2498
997,747594051852075008,1163,3965
998,747512671126323200,1744,5979
999,747461612269887489,1143,4163
1000,747439450712596480,2129,5850
1001,747242308580548608,3176,0
1002,747219827526344708,1737,5674
1003,747204161125646336,1010,3636
1004,747103485104099331,4421,10318
1005,746906459439529985,328,3104
1006,746872823977771008,2365,6436
1007,746818907684614144,1893,5689
1008,746790600704425984,1758,5233
1009,746757706116112384,4284,10262
1010,746726898085036033,1968,6493
1011,746542875601690625,2053,5408
1012,746521445350707200,1083,0
1013,746507379341139972,1190,4980
1014,746369468511756288,1812,6498
1015,746131877086527488,2423,7401
1016,746056683365994496,905,3810
1017,745789745784041472,1172,4344
1018,745712589599014916,2554,7482
1019,745433870967832576,2797,7636
1020,745422732645535745,2688,9214
1021,745314880350101504,3054,7688
1022,745074613265149952,3872,8403
1023,745057283344719872,2512,7769
1024,744995568523612160,692,3207
1025,744971049620602880,2958,8451
1026,744709971296780288,1708,6002
1027,744334592493166593,2356,7252
1028,744234799360020481,77362,128297
1029,744223424764059648,411,1826
1030,743980027717509120,1199,4452
1031,743895849529389061,1051,3910
1032,743835915802583040,2305,0
1033,743609206067040256,1512,4807
1034,743595368194129920,7223,19801
1035,743545585370791937,1034,3771
1036,743510151680958465,4059,8463
1037,743253157753532416,1329,4530
1038,743222593470234624,2098,6649
1039,743210557239623680,1502,4109
1040,742534281772302336,3896,7556
1041,742528092657332225,2181,4760
1042,742465774154047488,4253,7770
1043,742423170473463808,4178,10556
1044,742385895052087300,2183,7281
1045,742161199639494656,1508,4647
1046,742150209887731712,1713,5519
1047,741793263812808706,1656,4874
1048,741743634094141440,3033,8752
1049,741438259667034112,916,3933
1050,741303864243200000,3549,9400
1051,741099773336379392,6069,10740
1052,741067306818797568,3394,10106
1053,740995100998766593,3037,6859
1054,740711788199743490,1024,3650
1055,740699697422163968,854,3037
1056,740676976021798912,7479,19412
1057,740373189193256964,14613,37151
1058,740365076218183684,480,2656
1059,740359016048689152,936,3534
1060,740214038584557568,2156,7161
1061,739979191639244800,6505,21371
1062,739932936087216128,1183,4339
1063,739844404073074688,932,4057
1064,739623569819336705,1498,4083
1065,739606147276148736,1817,5764
1066,739544079319588864,23540,42595
1067,739485634323156992,3224,7713
1068,739238157791694849,50882,73331
1069,738891149612572673,6,115
1070,738885046782832640,1245,4032
1071,738883359779196928,890,3575
1072,738537504001953792,1713,5457
1073,738402415918125056,933,3507
1074,738184450748633089,1325,4622
1075,738166403467907072,3739,9415
1076,738156290900254721,725,2706
1077,737826014890496000,1938,5632
1078,737800304142471168,3795,10679
1079,737678689543020544,1466,5398
1080,737445876994609152,4892,11040
1081,737322739594330112,882,3860
1082,737310737551491075,8109,15695
1083,736736130620620800,1909,4618
1084,736392552031657984,8153,19001
1085,736365877722001409,1366,4281
1086,736225175608430592,3027,8695
1087,736010884653420544,3254,8460
1088,735991953473572864,1257,3853
1089,735648611367784448,1198,4300
1090,735635087207878657,2587,6620
1091,735274964362878976,5567,13905
1092,735256018284875776,966,3596
1093,735137028879360001,1055,3346
1094,734912297295085568,563,2923
1095,734787690684657664,6898,13427
1096,734776360183431168,590,2678
1097,734559631394082816,431,1601
1098,733828123016450049,852,3838
1099,733822306246479872,1104,3921
1100,733482008106668032,1039,3354
1101,733460102733135873,1403,4492
1102,733109485275860992,17339,45405
1103,732732193018155009,586,2603
1104,732726085725589504,967,3773
1105,732585889486888962,847,3938
1106,732375214819057664,2749,8632
1107,732005617171337216,5970,15962
1108,731285275100512256,1074,3724
1109,731156023742988288,1389,4090
1110,730924654643314689,2167,6540
1111,730573383004487680,2360,5261
1112,730427201120833536,1139,3701
1113,730211855403241472,1148,4091
1114,730196704625098752,2109,5212
1115,729854734790754305,1220,4295
1116,729838605770891264,418,1815
1117,729823566028484608,1355,4260
1118,729463711119904772,2516,6207
1119,729113531270991872,359,2013
1120,728986383096946689,892,3381
1121,728760639972315136,1849,4984
1122,728751179681943552,741,2985
1123,728653952833728512,1139,3534
1124,728409960103686147,2201,5257
1125,728387165835677696,1041,3920
1126,728046963732717569,1282,4604
1127,728035342121635841,1830,4851
1128,728015554473250816,1194,4377
1129,727685679342333952,696,3130
1130,727644517743104000,1911,6303
1131,727524757080539137,1338,4772
1132,727314416056803329,816,3542
1133,727286334147182592,896,3238
1134,727175381690781696,1493,4127
1135,727155742655025152,1448,3881
1136,726935089318363137,2668,7337
1137,726887082820554753,1642,4093
1138,726828223124897792,1098,3784
1139,726224900189511680,1268,4708
1140,725842289046749185,2887,7519
1141,725786712245440512,1482,4440
1142,725729321944506368,1943,5528
1143,725458796924002305,677,1504
1144,724983749226668032,1426,3952
1145,724771698126512129,699,2527
1146,724405726123311104,1800,5660
1147,724049859469295616,1928,4625
1148,724046343203856385,607,2841
1149,724004602748780546,1730,4467
1150,723912936180330496,1336,4141
1151,723688335806480385,3251,8225
1152,723673163800948736,972,3224
1153,723179728551723008,2050,5648
1154,722974582966214656,1715,4383
1155,722613351520608256,1786,5283
1156,721503162398597120,2049,4971
1157,721001180231503872,667,2686
1158,720785406564900865,842,3321
1159,720775346191278080,743,2637
1160,720415127506415616,1624,4398
1161,720389942216527872,2756,6841
1162,720340705894408192,1062,3061
1163,720059472081784833,1234,4148
1164,720043174954147842,2186,5221
1165,719991154352222208,1911,5156
1166,719704490224398336,1584,4864
1167,719551379208073216,2111,5392
1168,719367763014393856,804,2975
1169,719339463458033665,1359,4698
1170,719332531645071360,1041,3632
1171,718971898235854848,1202,3716
1172,718939241951195136,1916,5592
1173,718631497683582976,8831,20197
1174,718613305783398402,525,2607
1175,718540630683709445,1101,2655
1176,718460005985447936,581,2882
1177,718454725339934721,1640,5204
1178,718246886998687744,547,2054
1179,718234618122661888,1088,4120
1180,717841801130979328,649,2611
1181,717790033953034240,1230,3088
1182,717537687239008257,2005,6146
1183,717428917016076293,497,1707
1184,717421804990701568,922,3362
1185,717047459982213120,2077,6675
1186,717009362452090881,1068,3490
1187,716802964044845056,1277,4544
1188,716791146589110272,1515,5893
1189,716730379797970944,460,1305
1190,716447146686459905,6419,13992
1191,716439118184652801,239,2517
1192,716285507865542656,1188,2967
1193,716080869887381504,1898,5208
1194,715928423106027520,957,3410
1195,715758151270801409,1553,3975
1196,715733265223708672,1852,4972
1197,715704790270025728,616,2986
1198,715696743237730304,1408,4164
1199,715680795826982913,1769,4607
1200,715360349751484417,1715,5833
1201,715342466308784130,747,3216
1202,715220193576927233,716,2570
1203,715200624753819648,2054,5464
1204,715009755312439296,1349,4446
1205,714982300363173890,1127,4004
1206,714962719905021952,4666,7846
1207,714957620017307648,1550,4409
1208,714631576617938945,1091,3482
1209,714606013974974464,1016,3857
1210,714485234495041536,1270,2892
1211,714258258790387713,782,3205
1212,714251586676113411,918,3484
1213,714214115368108032,961,2419
1214,714141408463036416,1528,4579
1215,713919462244790272,849,3486
1216,713909862279876608,597,2036
1217,713900603437621249,811,3014
1218,713761197720473600,1498,5191
1219,713411074226274305,1408,4706
1220,713177543487135744,3097,7671
1221,713175907180089344,1585,4754
1222,712809025985978368,7351,19858
1223,712717840512598017,5453,13199
1224,712668654853337088,1328,4438
1225,712438159032893441,1703,5674
1226,712309440758808576,25,261
1227,712097430750289920,1135,4051
1228,712092745624633345,983,3136
1229,712085617388212225,529,3451
1230,712065007010385924,685,2415
1231,711998809858043904,137,0
1232,711968124745228288,2522,8593
1233,711743778164514816,1074,3029
1234,711732680602345472,4508,9505
1235,711694788429553666,19924,35057
1236,711652651650457602,1001,4127
1237,711363825979756544,1242,3897
1238,711306686208872448,797,3528
1239,711008018775851008,683,3199
1240,710997087345876993,1517,4859
1241,710844581445812225,748,2720
1242,710833117892898816,586,2872
1243,710658690886586372,615,2462
1244,710609963652087808,2560,5124
1245,710588934686908417,2049,4870
1246,710296729921429505,801,2527
1247,710283270106132480,563,2275
1248,710272297844797440,1377,4831
1249,710269109699739648,1228,2562
1250,710153181850935296,971,3099
1251,710140971284037632,976,2955
1252,710117014656950272,2175,5862
1253,709918798883774466,1168,3183
1254,709901256215666688,108,718
1255,709852847387627521,1301,3744
1256,709566166965075968,1320,3770
1257,709556954897764353,1162,3506
1258,709519240576036864,263,1586
1259,709449600415961088,646,2373
1260,709409458133323776,761,2796
1261,709225125749587968,627,2553
1262,709207347839836162,6372,13460
1263,709198395643068416,699,2569
1264,709179584944730112,736,2147
1265,709158332880297985,453,2184
1266,709042156699303936,1797,5086
1267,708853462201716736,717,1911
1268,708845821941387268,979,3170
1269,708834316713893888,549,1821
1270,708810915978854401,7609,17628
1271,708738143638450176,887,2927
1272,708711088997666817,796,2726
1273,708479650088034305,740,2719
1274,708469915515297792,894,3283
1275,708400866336894977,11047,17111
1276,708356463048204288,1471,3854
1277,708349470027751425,806,2514
1278,708149363256774660,1686,4557
1279,708130923141795840,915,3620
1280,708119489313951744,1066,2870
1281,708109389455101952,589,2066
1282,708026248782585858,2102,4663
1283,707995814724026368,1224,3315
1284,707983188426153984,2,51
1285,707969809498152960,1058,2879
1286,707776935007539200,1035,3502
1287,707741517457260545,668,2658
1288,707738799544082433,2701,4383
1289,707693576495472641,1095,3657
1290,707629649552134146,958,2762
1291,707610948723478529,7020,18125
1292,707420581654872064,763,2435
1293,707411934438625280,652,2429
1294,707387676719185920,1427,3750
1295,707377100785885184,1178,3519
1296,707315916783140866,703,2633
1297,707297311098011648,877,2945
1298,707059547140169728,740,2751
1299,707038192327901184,874,2351
1300,707021089608753152,1500,4337
1301,707014260413456384,647,2462
1302,706904523814649856,8579,15576
1303,706901761596989440,660,2210
1304,706681918348251136,1057,3549
1305,706644897839910912,1195,2757
1306,706593038911545345,688,2306
1307,706538006853918722,1539,3696
1308,706516534877929472,1127,3311
1309,706346369204748288,1004,3678
1310,706310011488698368,8751,22927
1311,706291001778950144,511,1817
1312,706265994973601792,1000,2912
1313,706169069255446529,2436,4190
1314,706166467411222528,1764,5507
1315,706153300320784384,420,1600
1316,705975130514706432,808,3319
1317,705970349788291072,975,3363
1318,705898680587526145,620,2536
1319,705786532653883392,578,2089
1320,705591895322394625,1265,3393
1321,705475953783398401,1010,3163
1322,705442520700944385,1804,4762
1323,705428427625635840,1859,4081
1324,705239209544720384,818,3208
1325,705223444686888960,881,2761
1326,705102439679201280,565,2301
1327,705066031337840642,662,2327
1328,704871453724954624,1217,4554
1329,704859558691414016,599,2412
1330,704847917308362754,1681,5470
1331,704819833553219584,1105,2832
1332,704761120771465216,3176,7106
1333,704499785726889984,1090,3147
1334,704491224099647488,92,818
1335,704480331685040129,1155,3642
1336,704364645503647744,3884,8605
1337,704347321748819968,386,1691
1338,704134088924532736,509,1621
1339,704113298707505153,616,1989
1340,704054845121142784,1001,3128
1341,703774238772166656,510,1976
1342,703769065844768768,1241,3522
1343,703631701117943808,757,2779
1344,703611486317502464,1664,4135
1345,703425003149250560,1512,4075
1346,703407252292673536,761,2638
1347,703382836347330562,1249,3753
1348,703356393781329922,422,2039
1349,703268521220972544,607,2106
1350,703079050210877440,3381,7902
1351,703041949650034688,13746,28296
1352,702932127499816960,791,2774
1353,702899151802126337,493,1729
1354,702684942141153280,1178,3440
1355,702671118226825216,613,2343
1356,702598099714314240,3595,11077
1357,702539513671897089,1055,3073
1358,702332542343577600,1701,3426
1359,702321140488925184,1129,3516
1360,702276748847800320,834,2646
1361,702217446468493312,1466,5145
1362,701981390485725185,1082,3682
1363,701952816642965504,1113,4083
1364,701889187134500865,1508,3813
1365,701805642395348998,1850,3670
1366,701601587219795968,502,2237
1367,701570477911896070,1023,3011
1368,701545186879471618,664,2835
1369,701214700881756160,5621,13115
1370,700890391244103680,629,2381
1371,700864154249383937,669,2778
1372,700847567345688576,545,2602
1373,700796979434098688,1045,2607
1374,700747788515020802,10288,24507
1375,700518061187723268,873,2819
1376,700505138482569216,624,2441
1377,700462010979500032,1970,4443
1378,700167517596164096,817,2840
1379,700151421916807169,725,2397
1380,700143752053182464,3024,8082
1381,700062718104104960,759,2824
1382,700029284593901568,636,2212
1383,700002074055016451,1472,3541
1384,699801817392291840,1055,3264
1385,699788877217865730,543,2409
1386,699779630832685056,1356,2964
1387,699775878809702401,667,2097
1388,699691744225525762,5023,10983
1389,699446877801091073,2858,6353
1390,699434518667751424,559,2326
1391,699423671849451520,362,1468
1392,699413908797464576,675,2207
1393,699370870310113280,481,2012
1394,699323444782047232,948,3383
1395,699088579889332224,689,2393
1396,699079609774645248,716,2620
1397,699072405256409088,1294,3218
1398,699060279947165696,1989,4047
1399,699036661657767936,1307,2795
1400,698989035503689728,1080,3629
1401,698953797952008193,983,2902
1402,698907974262222848,680,2724
1403,698710712454139905,752,2653
1404,698703483621523456,413,1555
1405,698635131305795584,374,1375
1406,698549713696649216,679,2485
1407,698355670425473025,492,2004
1408,698342080612007937,1041,2431
1409,698262614669991936,2202,5093
1410,698195409219559425,6546,17981
1411,698178924120031232,806,3011
1412,697995514407682048,364,1631
1413,697990423684476929,1415,3522
1414,697943111201378304,756,2573
1415,697881462549430272,1299,3240
1416,697630435728322560,591,1867
1417,697616773278015490,1103,3383
1418,697596423848730625,1379,3243
1419,697575480820686848,552,2190
1420,697516214579523584,1243,2226
1421,697482927769255936,741,2591
1422,697463031882764288,1511,3655
1423,697270446429966336,2033,4999
1424,697259378236399616,1091,3527
1425,697255105972801536,1272,3238
1426,697242256848379904,731,2692
1427,696900204696625153,1123,3421
1428,696894894812565505,738,2519
1429,696886256886657024,1958,5177
1430,696877980375769088,781,2621
1431,696754882863349760,388,1577
1432,696744641916489729,1036,2228
1433,696713835009417216,713,2546
1434,696518437233913856,1850,4186
1435,696490539101908992,162,1310
1436,696488710901260288,1132,2724
1437,696405997980676096,1247,3446
1438,696100768806522880,726,2076
1439,695816827381944320,1281,3210
1440,695794761660297217,852,3412
1441,695767669421768709,819,2006
1442,695629776980148225,2310,4904
1443,695446424020918272,1978,4662
1444,695409464418041856,3907,9227
1445,695314793360662529,1618,3911
1446,695095422348574720,674,2824
1447,695074328191332352,1207,3045
1448,695064344191721472,658,1720
1449,695051054296211456,863,2854
1450,694925794720792577,1005,2889
1451,694905863685980160,1028,2968
1452,694669722378485760,15831,38209
1453,694356675654983680,317,1615
1454,694352839993344000,678,2184
1455,694342028726001664,531,1688
1456,694329668942569472,548,2150
1457,694206574471057408,2235,4488
1458,694183373896572928,1014,3151
1459,694001791655137281,1132,3626
1460,693993230313091072,443,2007
1461,693942351086120961,404,1849
1462,693647888581312512,650,2893
1463,693644216740769793,142,1439
1464,693642232151285760,455,2724
1465,693629975228977152,878,2628
1466,693622659251335168,406,1650
1467,693590843962331137,2155,5430
1468,693582294167244802,281,1758
1469,693486665285931008,683,1899
1470,693280720173801472,1362,3597
1471,693267061318012928,899,2556
1472,693262851218264065,549,2393
1473,693231807727280129,805,3066
1474,693155686491000832,3509,8459
1475,693109034023534592,672,1844
1476,693095443459342336,506,2009
1477,692919143163629568,816,2860
1478,692905862751522816,963,2612
1479,692901601640583168,661,1920
1480,692894228850999298,883,2440
1481,692828166163931137,963,3080
1482,692752401762250755,3984,7317
1483,692568918515392513,1686,4654
1484,692535307825213440,1486,3427
1485,692530551048294401,459,1980
1486,692423280028966913,253,1582
1487,692417313023332352,3808,10049
1488,692187005137076224,901,2697
1489,692158366030913536,875,2309
1490,692142790915014657,430,1756
1491,692041934689402880,1394,3645
1492,692017291282812928,1049,3070
1493,691820333922455552,1803,4226
1494,691793053716221953,4605,8722
1495,691756958957883396,1122,3098
1496,691675652215414786,559,2078
1497,691483041324204033,629,2544
1498,691459709405118465,1253,4352
1499,691444869282295808,932,2840
1500,691416866452082688,8392,20754
1501,691321916024623104,722,2767
1502,691096613310316544,981,3174
1503,691090071332753408,371,1827
1504,690989312272396288,3159,6345
1505,690959652130045952,1382,3829
1506,690938899477221376,2189,4438
1507,690932576555528194,1117,3527
1508,690735892932222976,1403,4041
1509,690728923253055490,570,2321
1510,690690673629138944,867,2489
1511,690649993829576704,307,1399
1512,690607260360429569,19,308
1513,690597161306841088,657,2104
1514,690400367696297985,495,2000
1515,690374419777196032,948,3480
1516,690360449368465409,977,2850
1517,690348396616552449,559,1609
1518,690248561355657216,454,1805
1519,690021994562220032,1135,2994
1520,690015576308211712,807,2684
1521,690005060500217858,1852,3918
1522,689999384604450816,412,1527
1523,689993469801164801,502,1578
1524,689977555533848577,487,1462
1525,689905486972461056,759,2597
1526,689877686181715968,1302,3233
1527,689835978131935233,825,2318
1528,689661964914655233,1014,3424
1529,689659372465688576,4274,11152
1530,689623661272240129,717,2401
1531,689599056876867584,6063,12470
1532,689557536375177216,509,2204
1533,689517482558820352,1565,3632
1534,689289219123089408,1013,2410
1535,689283819090870273,1211,3526
1536,689280876073582592,788,2143
1537,689275259254616065,272,1240
1538,689255633275777024,1181,2746
1539,689154315265683456,1102,3280
1540,689143371370250240,568,2178
1541,688916208532455424,959,2925
1542,688908934925697024,847,2267
1543,688898160958271489,864,2251
1544,688894073864884227,768,2389
1545,688828561667567616,406,1472
1546,688804835492233216,215,1025
1547,688789766343622656,728,2376
1548,688547210804498433,770,2791
1549,688519176466644993,799,2471
1550,688385280030670848,4886,9974
1551,688211956440801280,918,2381
1552,688179443353796608,645,2267
1553,688116655151435777,861,3024
1554,688064179421470721,394,1838
1555,687841446767013888,2786,5869
1556,687826841265172480,1253,2925
1557,687818504314159109,1048,2684
1558,687807801670897665,766,2562
1559,687732144991551489,723,1890
1560,687704180304273409,928,2618
1561,687664829264453632,564,2078
1562,687494652870668288,631,2051
1563,687480748861947905,273,1715
1564,687476254459715584,591,2122
1565,687460506001633280,594,2188
1566,687399393394311168,687,2032
1567,687317306314240000,10067,21566
1568,687312378585812992,2090,4670
1569,687127927494963200,2515,5861
1570,687124485711986689,557,2320
1571,687109925361856513,2714,6221
1572,687102708889812993,1091,2508
1573,687096057537363968,670,2402
1574,686947101016735744,3484,9228
1575,686760001961103360,1508,3765
1576,686749460672679938,1606,3732
1577,686730991906516992,1315,4448
1578,686683045143953408,884,3006
1579,686618349602762752,1493,3942
1580,686606069955735556,595,2022
1581,686394059078897668,752,1883
1582,686386521809772549,973,3480
1583,686377065986265092,619,2376
1584,686358356425093120,751,2355
1585,686286779679375361,1834,4291
1586,686050296934563840,810,2367
1587,686035780142297088,133,1239
1588,686034024800862208,1287,3340
1589,686007916130873345,459,2648
1590,686003207160610816,704,1950
1591,685973236358713344,590,2266
1592,685943807276412928,673,1757
1593,685906723014619143,3198,8074
1594,685681090388975616,139,2172
1595,685667379192414208,634,2506
1596,685663452032069632,1606,3477
1597,685641971164143616,853,3140
1598,685547936038666240,17231,35355
1599,685532292383666176,1269,3262
1600,685325112850124800,4393,10192
1601,685321586178670592,712,2841
1602,685315239903100929,1185,3585
1603,685307451701334016,482,2214
1604,685268753634967552,1333,3329
1605,685198997565345792,735,2491
1606,685169283572338688,1566,4387
1607,684969860808454144,422,2453
1608,684959798585110529,3439,7152
1609,684940049151070208,1151,3446
1610,684926975086034944,522,3759
1611,684914660081053696,1608,3754
1612,684902183876321280,585,2007
1613,684880619965411328,911,2252
1614,684830982659280897,23726,37648
1615,684800227459624960,1090,2910
1616,684594889858887680,3889,9580
1617,684588130326986752,1548,4416
1618,684567543613382656,1361,3224
1619,684538444857667585,1059,2841
1620,684481074559381504,1286,4144
1621,684460069371654144,611,2115
1622,684241637099323392,3624,8749
1623,684225744407494656,232,1330
1624,684222868335505415,1521,4123
1625,684200372118904832,1133,2328
1626,684195085588783105,571,2054
1627,684188786104872960,1292,3728
1628,684177701129875456,739,2163
1629,684147889187209216,1647,3191
1630,684122891630342144,525,2133
1631,684097758874210310,1574,4406
1632,683857920510050305,1226,4062
1633,683852578183077888,385,2062
1634,683849932751646720,1079,2811
1635,683834909291606017,1215,2811
1636,683828599284170753,1159,2986
1637,683773439333797890,1486,3590
1638,683742671509258241,3662,6987
1639,683515932363329536,3191,7885
1640,683498322573824003,1053,3392
1641,683481228088049664,1088,2818
1642,683462770029932544,736,2613
1643,683449695444799489,1767,4171
1644,683391852557561860,2620,8144
1645,683357973142474752,1035,3158
1646,683142553609318400,1147,3086
1647,683111407806746624,1005,3643
1648,683098815881154561,717,2320
1649,683078886620553216,617,2127
1650,683030066213818368,805,2314
1651,682962037429899265,18389,39707
1652,682808988178739200,204,1897
1653,682788441537560576,1232,2644
1654,682750546109968385,479,1629
1655,682697186228989953,393,1409
1656,682662431982772225,1178,3265
1657,682638830361513985,659,2204
1658,682429480204398592,1274,3668
1659,682406705142087680,1943,8116
1660,682393905736888321,750,2387
1661,682389078323662849,511,1788
1662,682303737705140231,1097,3299
1663,682259524040966145,1343,4470
1664,682242692827447297,1300,3486
1665,682088079302213632,10912,19649
1666,682059653698686977,1863,5321
1667,682047327939461121,1063,3439
1668,682032003584274432,2217,7041
1669,682003177596559360,1675,3373
1670,681981167097122816,1132,2968
1671,681891461017812993,913,2642
1672,681694085539872773,4443,13684
1673,681679526984871937,488,1877
1674,681654059175129088,1021,2831
1675,681610798867845120,518,2048
1676,681579835668455424,1441,3801
1677,681523177663676416,6402,15338
1678,681340665377193984,304,1755
1679,681339448655802368,4455,9944
1680,681320187870711809,840,2846
1681,681302363064414209,2011,4225
1682,681297372102656000,1053,3402
1683,681281657291280384,1209,3438
1684,681261549936340994,300,1556
1685,681242418453299201,600,1602
1686,681231109724700672,529,2556
1687,681193455364796417,1636,3967
1688,680970795137544192,725,2594
1689,680959110691590145,2181,4874
1690,680940246314430465,1165,3449
1691,680934982542561280,484,2219
1692,680913438424612864,679,2556
1693,680889648562991104,402,1888
1694,680836378243002368,1462,3685
1695,680805554198020098,723,2317
1696,680801747103793152,905,2530
1697,680798457301471234,1144,3055
1698,680609293079592961,783,2819
1699,680583894916304897,1472,3853
1700,680497766108381184,2101,4526
1701,680494726643068929,528,1829
1702,680473011644985345,821,2710
1703,680440374763077632,552,1550
1704,680221482581123072,318,1557
1705,680206703334408192,1290,3035
1706,680191257256136705,559,2293
1707,680176173301628928,1713,4169
1708,680161097740095489,801,2473
1709,680145970311643136,1907,3870
1710,680130881361686529,1041,2454
1711,680115823365742593,1001,2899
1712,680100725817409536,1502,3810
1713,680085611152338944,9763,13656
1714,680070545539371008,962,2741
1715,680055455951884288,7819,17854
1716,679877062409191424,706,2098
1717,679872969355714560,724,2313
1718,679862121895714818,684,2632
1719,679854723806179328,1355,3069
1720,679844490799091713,856,2536
1721,679828447187857408,15377,38752
1722,679777920601223168,1229,3292
1723,679736210798047232,879,2239
1724,679729593985699840,905,2312
1725,679722016581222400,517,1769
1726,679530280114372609,2274,5087
1727,679527802031484928,801,2831
1728,679511351870550016,1412,3608
1729,679503373272485890,1625,3382
1730,679475951516934144,703,2247
1731,679462823135686656,20668,33959
1732,679405845277462528,1328,2540
1733,679158373988876288,8904,22973
1734,679148763231985668,1130,2960
1735,679132435750195208,1274,3168
1736,679111216690831360,2811,6364
1737,679062614270468097,9029,18258
1738,679047485189439488,751,2408
1739,679001094530465792,1351,3013
1740,678991772295516161,1282,2481
1741,678969228704284672,506,1747
1742,678800283649069056,988,2746
1743,678798276842360832,1302,3721
1744,678774928607469569,1010,2965
1745,678767140346941444,1504,3764
1746,678764513869611008,526,1742
1747,678755239630127104,3634,7623
1748,678740035362037760,1870,3992
1749,678708137298427904,2667,5933
1750,678675843183484930,1633,3067
1751,678643457146150913,468,2183
1752,678446151570427904,1724,4258
1753,678424312106393600,2785,5774
1754,678410210315247616,1996,4519
1755,678399652199309312,30249,61791
1756,678396796259975168,458,1690
1757,678389028614488064,459,1988
1758,678380236862578688,987,2592
1759,678341075375947776,589,1838
1760,678334497360859136,292,1381
1761,678278586130948096,6641,12229
1762,678255464182861824,407,1687
1763,678023323247357953,424,2048
1764,678021115718029313,6949,14635
1765,677961670166224897,1830,3623
1766,677918531514703872,445,1436
1767,677895101218201600,2313,5141
1768,677716515794329600,1064,3241
1769,677700003327029250,1566,3597
1770,677698403548192770,348,1299
1771,677687604918272002,918,2627
1772,677673981332312066,1632,3544
1773,677662372920729601,1064,2074
1774,677644091929329666,868,1996
1775,677573743309385728,797,2271
1776,677565715327688705,498,1368
1777,677557565589463040,1269,2588
1778,677547928504967168,3958,7360
1779,677530072887205888,244,1128
1780,677335745548390400,1949,3240
1781,677334615166730240,320,1436
1782,677331501395156992,258,1154
1783,677328882937298944,1632,3853
1784,677314812125323265,586,1749
1785,677301033169788928,451,1320
1786,677269281705472000,766,2106
1787,677228873407442944,1781,3749
1788,677187300187611136,1000,2900
1789,676975532580409345,1167,2936
1790,676957860086095872,882,2336
1791,676949632774234114,428,1375
1792,676948236477857792,951,2298
1793,676946864479084545,410,1803
1794,676942428000112642,831,2202
1795,676936541936185344,5348,13467
1796,676916996760600576,1949,3148
1797,676897532954456065,787,2380
1798,676864501615042560,780,2228
1799,676821958043033607,17008,24464
1800,676819651066732545,720,1907
1801,676811746707918848,457,1500
1802,676776431406465024,2183,5273
1803,676617503762681856,1069,3064
1804,676613908052996102,210,1151
1805,676606785097199616,478,1990
1806,676603393314578432,425,1235
1807,676593408224403456,2339,4838
1808,676590572941893632,139,976
1809,676588346097852417,865,2469
1810,676582956622721024,305,1273
1811,676575501977128964,1219,2729
1812,676533798876651520,604,1980
1813,676496375194980353,578,1596
1814,676470639084101634,5073,12323
1815,676440007570247681,727,1817
1816,676430933382295552,373,1473
1817,676263575653122048,591,2186
1818,676237365392908289,321,1289
1819,676219687039057920,33716,79186
1820,676215927814406144,637,1829
1821,676191832485810177,1112,2401
1822,676146341966438401,723,2024
1823,676121918416756736,1264,2267
1824,676101918813499392,1249,2962
1825,676098748976615425,1561,3185
1826,676089483918516224,463,1384
1827,675898130735476737,628,1727
1828,675891555769696257,946,2247
1829,675888385639251968,1037,2516
1830,675878199931371520,1525,4411
1831,675870721063669760,611,1734
1832,675853064436391936,1409,2843
1833,675849018447167488,165,995
1834,675845657354215424,964,2406
1835,675822767435051008,574,1607
1836,675820929667219457,247,1108
1837,675798442703122432,3654,10819
1838,675781562965868544,513,1702
1839,675740360753160193,373,1222
1840,675710890956750848,899,1994
1841,675707330206547968,746,2099
1842,675706639471788032,103,678
1843,675534494439489536,451,1904
1844,675531475945709568,415,1243
1845,675522403582218240,307,1093
1846,675517828909424640,492,1377
1847,675501075957489664,6271,18050
1848,675497103322386432,1401,3306
1849,675489971617296384,643,1362
1850,675483430902214656,1047,1942
1851,675432746517426176,610,1597
1852,675372240448454658,545,1798
1853,675362609739206656,250,1103
1854,675354435921575936,18475,34438
1855,675349384339542016,2442,4141
1856,675334060156301312,1388,2922
1857,675166823650848770,1742,3802
1858,675153376133427200,2807,6612
1859,675149409102012420,1813,3929
1860,675147105808306176,259,994
1861,675146535592706048,338,1254
1862,675145476954566656,966,2241
1863,675135153782571009,529,1362
1864,675113801096802304,841,2052
1865,675111688094527488,272,1010
1866,675109292475830276,1215,2924
1867,675047298674663426,354,1111
1868,675015141583413248,1288,2844
1869,675006312288268288,242,1024
1870,675003128568291329,505,1627
1871,674999807681908736,1189,2364
1872,674805413498527744,380,903
1873,674800520222154752,928,3150
1874,674793399141146624,1173,2631
1875,674790488185167872,271,1150
1876,674788554665512960,223,842
1877,674781762103414784,1298,2102
1878,674774481756377088,512,1182
1879,674767892831932416,857,1922
1880,674764817387900928,258,823
1881,674754018082705410,481,1425
1882,674752233200820224,499,1539
1883,674743008475090944,587,1467
1884,674742531037511680,54,514
1885,674739953134403584,422,1172
1886,674737130913071104,99,672
1887,674690135443775488,499,1199
1888,674670581682434048,698,1691
1889,674664755118911488,271,963
1890,674646392044941312,536,1499
1891,674644256330530816,295,1075
1892,674638615994089473,626,1752
1893,674632714662858753,615,1565
1894,674606911342424069,107,984
1895,674468880899788800,2205,6503
1896,674447403907457024,382,1111
1897,674436901579923456,420,1166
1898,674422304705744896,566,1488
1899,674416750885273600,148,711
1900,674410619106390016,499,1249
1901,674394782723014656,614,1563
1902,674372068062928900,330,889
1903,674330906434379776,77,583
1904,674318007229923329,551,1477
1905,674307341513269249,7419,11843
1906,674291837063053312,6321,15446
1907,674271431610523648,776,1634
1908,674269164442398721,245,933
1909,674265582246694913,900,1709
1910,674262580978937856,488,1355
1911,674255168825880576,600,1531
1912,674082852460433408,181,783
1913,674075285688614912,305,1020
1914,674063288070742018,2377,6646
1915,674053186244734976,1398,3477
1916,674051556661161984,514,1514
1917,674045139690631169,687,1476
1918,674042553264685056,136,749
1919,674038233588723717,436,1146
1920,674036086168010753,233,875
1921,674024893172875264,1305,1868
1922,674019345211760640,321,1180
1923,674014384960745472,693,1638
1924,674008982932058114,376,1251
1925,673956914389192708,1030,2035
1926,673919437611909120,387,1214
1927,673906403526995968,1738,3321
1928,673887867907739649,267,972
1929,673716320723169284,812,3206
1930,673715861853720576,2230,3699
1931,673711475735838725,317,1083
1932,673709992831262724,295,885
1933,673708611235921920,308,1116
1934,673707060090052608,417,1144
1935,673705679337693185,422,1305
1936,673700254269775872,607,1492
1937,673697980713705472,2089,3961
1938,673689733134946305,689,1815
1939,673688752737402881,524,1316
1940,673686845050527744,465,1502
1941,673680198160809984,498,1426
1942,673662677122719744,384,1301
1943,673656262056419329,258,746
1944,673636718965334016,394,1168
1945,673612854080196609,772,1655
1946,673583129559498752,391,1238
1947,673580926094458881,284,860
1948,673576835670777856,595,1438
1949,673363615379013632,330,1062
1950,673359818736984064,711,1514
1951,673355879178194945,624,1550
1952,673352124999274496,573,1719
1953,673350198937153538,223,761
1954,673345638550134785,1371,2622
1955,673343217010679808,282,1009
1956,673342308415348736,629,1317
1957,673320132811366400,8447,14070
1958,673317986296586240,280,900
1959,673295268553605120,3374,7832
1960,673270968295534593,394,1105
1961,673240798075449344,771,1470
1962,673213039743795200,899,2345
1963,673148804208660480,667,1771
1964,672997845381865473,764,2038
1965,672995267319328768,316,992
1966,672988786805112832,305,1010
1967,672984142909456390,572,1293
1968,672980819271634944,1052,1874
1969,672975131468300288,975,1751
1970,672970152493887488,375,994
1971,672968025906282496,581,1367
1972,672964561327235073,678,1475
1973,672902681409806336,533,1418
1974,672898206762672129,445,922
1975,672884426393653248,878,1617
1976,672877615439593473,391,1066
1977,672834301050937345,607,1367
1978,672828477930868736,518,1304
1979,672640509974827008,340,1010
1980,672622327801233409,523,1344
1981,672614745925664768,622,1270
1982,672609152938721280,410,1156
1983,672604026190569472,431,1159
1984,672594978741354496,640,1377
1985,672591762242805761,350,987
1986,672591271085670400,198,756
1987,672538107540070400,394,1065
1988,672523490734551040,181,674
1989,672488522314567680,464,1154
1990,672482722825261057,640,1176
1991,672481316919734272,128,738
1992,672475084225949696,739,1491
1993,672466075045466113,572,1409
1994,672272411274932228,3584,6708
1995,672267570918129665,645,1556
1996,672264251789176834,362,1188
1997,672256522047614977,1650,2922
1998,672254177670729728,781,1479
1999,672248013293752320,639,1790
2000,672245253877968896,164,711
2001,672239279297454080,335,926
2002,672231046314901505,1063,1912
2003,672222792075620352,224,813
2004,672205392827572224,1224,2347
2005,672169685991993344,393,1056
2006,672160042234327040,381,905
2007,672139350159835138,766,1821
2008,672125275208069120,1209,2500
2009,672095186491711488,387,1033
2010,672082170312290304,386,978
2011,672068090318987265,544,1349
2012,671896809300709376,4390,8787
2013,671891728106971137,594,1374
2014,671882082306625538,1451,3596
2015,671879137494245376,728,1475
2016,671874878652489728,584,1297
2017,671866342182637568,528,1169
2018,671855973984772097,481,955
2019,671789708968640512,3685,7334
2020,671768281401958400,552,1239
2021,671763349865160704,975,1744
2022,671744970634719232,816,1395
2023,671743150407421952,240,766
2024,671735591348891648,791,1499
2025,671729906628341761,4623,8879
2026,671561002136281088,7672,13373
2027,671550332464455680,219,949
2028,671547767500775424,632,1407
2029,671544874165002241,1109,2072
2030,671542985629241344,598,1135
2031,671538301157904385,417,960
2032,671536543010570240,433,1223
2033,671533943490011136,610,1067
2034,671528761649688577,272,873
2035,671520732782923777,561,1452
2036,671518598289059840,306,980
2037,671511350426865664,770,1679
2038,671504605491109889,3738,7319
2039,671497587707535361,472,956
2040,671488513339211776,495,1049
2041,671486386088865792,216,606
2042,671485057807351808,243,791
2043,671390180817915904,782,1469
2044,671362598324076544,310,1163
2045,671357843010908160,155,416
2046,671355857343524864,118,496
2047,671347597085433856,459,1008
2048,671186162933985280,227,765
2049,671182547775299584,362,1162
2050,671166507850801152,375,905
2051,671163268581498880,1172,1728
2052,671159727754231808,86,387
2053,671154572044468225,229,745
2054,671151324042559489,161,694
2055,671147085991960577,241,697
2056,671141549288370177,689,1212
2057,671138694582165504,425,965
2058,671134062904504320,204,774
2059,671122204919246848,2682,3637
2060,671115716440031232,815,1404
2061,671109016219725825,463,1189
2062,670995969505435648,306,1149
2063,670842764863651840,9288,25504
2064,670840546554966016,206,618
2065,670838202509447168,735,1157
2066,670833812859932673,132,461
2067,670832455012716544,231,763
2068,670826280409919488,4311,5790
2069,670823764196741120,201,803
2070,670822709593571328,102,633
2071,670815497391357952,1639,3300
2072,670811965569282048,284,1171
2073,670807719151067136,519,1189
2074,670804601705242624,1003,2044
2075,670803562457407488,93,351
2076,670797304698376195,248,756
2077,670792680469889025,292,866
2078,670789397210615808,254,689
2079,670786190031921152,213,625
2080,670783437142401025,419,850
2081,670782429121134593,830,1634
2082,670780561024270336,303,805
2083,670778058496974848,76,340
2084,670764103623966721,450,1115
2085,670755717859713024,120,466
2086,670733412878163972,537,995
2087,670727704916926465,389,864
2088,670717338665226240,525,1263
2089,670704688707301377,391,790
2090,670691627984359425,256,610
2091,670679630144274432,307,777
2092,670676092097810432,45,261
2093,670668383499735048,5341,11150
2094,670474236058800128,809,1588
2095,670468609693655041,89,364
2096,670465786746662913,587,1010
2097,670452855871037440,220,568
2098,670449342516494336,709,1235
2099,670444955656130560,2089,6970
2100,670442337873600512,206,674
2101,670435821946826752,555,1094
2102,670434127938719744,687,1458
2103,670433248821026816,121,335
2104,670428280563085312,674,1441
2105,670427002554466305,174,537
2106,670421925039075328,680,1362
2107,670420569653809152,332,655
2108,670417414769758208,341,589
2109,670411370698022913,957,2121
2110,670408998013820928,236,578
2111,670403879788544000,168,449
2112,670385711116361728,227,580
2113,670374371102445568,285,767
2114,670361874861563904,71,339
2115,670338931251150849,118,443
2116,670319130621435904,1304,4000
2117,670303360680108032,143,442
2118,670290420111441920,300,735
2119,670093938074779648,357,1077
2120,670086499208155136,267,725
2121,670079681849372674,1334,2319
2122,670073503555706880,837,1626
2123,670069087419133954,260,659
2124,670061506722140161,367,795
2125,670055038660800512,350,695
2126,670046952931721218,187,673
2127,670040295598354432,117,782
2128,670037189829525505,296,609
2129,670003130994700288,97,344
2130,669993076832759809,89,336
2131,669972011175813120,171,460
2132,669970042633789440,64,313
2133,669942763794931712,178,528
2134,669926384437997569,111,394
2135,669923323644657664,61,245
2136,669753178989142016,425,841
2137,669749430875258880,68,283
2138,669684865554620416,94,542
2139,669683899023405056,116,408
2140,669682095984410625,140,367
2141,669680153564442624,304,696
2142,669661792646373376,462,837
2143,669625907762618368,1910,3680
2144,669603084620980224,391,985
2145,669597912108789760,160,533
2146,669583744538451968,988,1547
2147,669573570759163904,152,450
2148,669571471778410496,1059,1645
2149,669567591774625800,60,243
2150,669564461267722241,130,401
2151,669393256313184256,81,378
2152,669375718304980992,764,1389
2153,669371483794317312,189,515
2154,669367896104181761,166,475
2155,669363888236994561,242,651
2156,669359674819481600,131,381
2157,669354382627049472,1341,2814
2158,669353438988365824,269,669
2159,669351434509529089,198,460
2160,669328503091937280,440,1047
2161,669327207240699904,121,598
2162,669324657376567296,216,513
2163,669216679721873412,407,938
2164,669214165781868544,178,460
2165,669203728096960512,503,1046
2166,669037058363662336,328,682
2167,669015743032369152,392,768
2168,669006782128353280,263,597
2169,669000397445533696,6725,21659
2170,668994913074286592,247,458
2171,668992363537309700,369,778
2172,668989615043424256,345,709
2173,668988183816871936,500,934
2174,668986018524233728,177,574
2175,668981893510119424,326,563
2176,668979806671884288,372,826
2177,668975677807423489,619,1364
2178,668967877119254528,25,153
2179,668960084974809088,250,736
2180,668955713004314625,74,294
2181,668932921458302977,60,281
2182,668902994700836864,106,330
2183,668892474547511297,160,412
2184,668872652652679168,313,548
2185,668852170888998912,174,470
2186,668826086256599040,147,456
2187,668815180734689280,285,595
2188,668779399630725120,395,730
2189,668655139528511488,229,551
2190,668645506898350081,573,934
2191,668643542311546881,560,923
2192,668641109086707712,562,1121
2193,668636665813057536,510,1083
2194,668633411083464705,1741,2935
2195,668631377374486528,338,747
2196,668627278264475648,122,332
2197,668625577880875008,140,410
2198,668623201287675904,826,1506
2199,668620235289837568,46,216
2200,668614819948453888,333,634
2201,668587383441514497,1144,1731
2202,668567822092664832,61,255
2203,668544745690562560,239,541
2204,668542336805281792,226,484
2205,668537837512433665,78,258
2206,668528771708952576,237,484
2207,668507509523615744,113,337
2208,668496999348633600,139,425
2209,668484198282485761,248,442
2210,668480044826800133,155,478
2211,668466899341221888,544,919
2212,668297328638447616,313,643
2213,668291999406125056,34,258
2214,668286279830867968,143,523
2215,668274247790391296,241,854
2216,668268907921326080,251,573
2217,668256321989451776,650,1351
2218,668248472370458624,511,1027
2219,668237644992782336,2996,6438
2220,668226093875376128,110,316
2221,668221241640230912,209,525
2222,668204964695683073,204,570
2223,668190681446379520,205,672
2224,668171859951755264,202,509
2225,668154635664932864,330,511
2226,668142349051129856,302,580
2227,668113020489474048,257,688
2228,667937095915278337,838,1318
2229,667924896115245057,116,309
2230,667915453470232577,58,217
2231,667911425562669056,318,511
2232,667902449697558528,390,876
2233,667886921285246976,1149,1962
2234,667885044254572545,508,845
2235,667878741721415682,124,402
2236,667873844930215936,427,651
2237,667866724293877760,1083,3099
2238,667861340749471744,81,250
2239,667832474953625600,65,294
2240,667806454573760512,522,1091
2241,667801013445750784,98,338
2242,667793409583771648,343,718
2243,667782464991965184,253,425
2244,667773195014021121,59,240
2245,667766675769573376,229,460
2246,667728196545200128,157,384
2247,667724302356258817,332,503
2248,667550904950915073,35,0
2249,667550882905632768,33,0
2250,667549055577362432,2393,5974
2251,667546741521195010,132,342
2252,667544320556335104,549,894
2253,667538891197542400,70,209
2254,667534815156183040,561,844
2255,667530908589760512,253,488
2256,667524857454854144,1166,1751
2257,667517642048163840,198,379
2258,667509364010450944,2215,6985
2259,667502640335572993,227,546
2260,667495797102141441,287,543
2261,667491009379606528,237,549
2262,667470559035432960,101,264
2263,667455448082227200,65,195
2264,667453023279554560,93,320
2265,667443425659232256,605,806
2266,667437278097252352,248,461
2267,667435689202614272,85,312
2268,667405339315146752,225,476
2269,667393430834667520,58,199
2270,667369227918143488,169,375
2271,667211855547486208,250,504
2272,667200525029539841,272,629
2273,667192066997374976,110,399
2274,667188689915760640,431,765
2275,667182792070062081,6453,14738
2276,667177989038297088,57,193
2277,667176164155375616,474,626
2278,667174963120574464,86,254
2279,667171260800061440,94,227
2280,667165590075940865,1189,2756
2281,667160273090932737,65,262
2282,667152164079423490,17786,49016
2283,667138269671505920,2305,4739
2284,667119796878725120,132,334
2285,667090893657276420,130,338
2286,667073648344346624,127,411
2287,667070482143944705,14,85
2288,667065535570550784,49,168
2289,667062181243039745,56,220
2290,667044094246576128,51,190
2291,667012601033924608,234,458
2292,666996132027977728,98,248
2293,666983947667116034,1013,2611
2294,666837028449972224,568,837
2295,666835007768551424,80,219
2296,666826780179869698,98,257
2297,666817836334096384,258,530
2298,666804364988780544,94,244
2299,666786068205871104,498,778
2300,666781792255496192,203,395
2301,666776908487630848,178,359
2302,666739327293083650,66,239
2303,666701168228331520,223,438
2304,666691418707132416,48,189
2305,666649482315059201,591,896
2306,666644823164719104,85,234
2307,666454714377183233,212,529
2308,666447344410484738,22,105
2309,666437273139982337,50,129
2310,666435652385423360,54,168
2311,666430724426358785,199,321
2312,666428276349472768,84,166
2313,666421158376562688,114,319
2314,666418789513326592,47,127
2315,666411507551481857,330,450
2316,666407126856765440,41,110
2317,666396247373291520,86,168
2318,666373753744588802,93,190
2319,666362758909284353,577,781
2320,666353288456101888,73,221
2321,666345417576210432,140,300
2322,666337882303524864,92,199
2323,666293911632134144,358,510
2324,666287406224695296,68,149
2325,666273097616637952,76,176
2326,666268910803644416,35,104
2327,666104133288665088,6656,14394
2328,666102155909144576,13,80
2329,666099513787052032,69,158
2330,666094000022159362,76,165
2331,666082916733198337,45,119
2332,666073100786774016,166,323
2333,666071193221509120,62,148
2334,666063827256086533,223,479
2335,666058600524156928,57,112
2336,666057090499244032,142,297
2337,666055525042405380,256,436
2338,666051853826850816,854,1227
2339,666050758794694657,58,132
2340,666049248165822465,40,109
2341,666044226329800704,141,299
2342,666033412701032449,44,125
2343,666029285002620928,47,130
2344,666020888022790149,517,2558
